id;title;duration;age_limit;description;actors;release_date;image;image_content_type
1;Account b;97607;84581;Lorraine e-services Ball;Ingenieur;2022-06-08T09:43:14;../fake-data/blob/hipster.png;image/png
2;Account;54284;38871;Baby c Account;programming;2022-06-08T16:33:00;../fake-data/blob/hipster.png;image/png
3;Consultant program circuit;50481;15149;Analyste solid;Cross-group black;2022-06-08T17:00:38;../fake-data/blob/hipster.png;image/png
4;Investment circuit Paraguay;5279;5230;strategize Krona a;Soft methodologies system;2022-06-08T09:32:36;../fake-data/blob/hipster.png;image/png
5;solutions;48929;96688;Chips Industrial Bermuda;Bacon;2022-06-07T20:39:52;../fake-data/blob/hipster.png;image/png
6;even-keeled;13371;43603;Grocery;Taka bypassing;2022-06-08T12:09:56;../fake-data/blob/hipster.png;image/png
7;PCI Generic;45597;9449;AGP Granite;Superviseur Bedfordshire;2022-06-08T10:39:59;../fake-data/blob/hipster.png;image/png
8;Coordinateur;37800;11737;Music Fresh redundant;c copy c;2022-06-07T21:07:38;../fake-data/blob/hipster.png;image/png
9;bleeding-edge;80779;90608;connecting;De-engineered metrics index;2022-06-08T11:42:05;../fake-data/blob/hipster.png;image/png
10;XML Berkshire;99346;8508;Lombards Executif;Saussaies Azerbaijanian Multi-tiered;2022-06-07T21:04:13;../fake-data/blob/hipster.png;image/png
